,adm_nm,adm_cd,adm_cd2,lng,lat
0,서울특별시 종로구 사직동,1101053,1111053000,126.9699225,37.57389798
1,서울특별시 종로구 삼청동,1101054,1111054000,126.9815315,37.58604529
2,서울특별시 종로구 부암동,1101055,1111055000,126.9643002,37.5954352
3,서울특별시 종로구 평창동,1101056,1111056000,126.9688622,37.61367522
4,서울특별시 종로구 무악동,1101057,1111057000,126.9581985,37.5773292
5,서울특별시 종로구 교남동,1101058,1111058000,126.9643096,37.57122798
6,서울특별시 종로구 가회동,1101060,1111060000,126.986305,37.58403424
7,서울특별시 종로구 종로1·2·3·4가동,1101061,1111061500,126.9892555,37.57778883
8,서울특별시 종로구 종로5·6가동,1101063,1111063000,127.0040648,37.57315019
9,서울특별시 종로구 이화동,1101064,1111064000,127.0026265,37.58032678
10,서울특별시 종로구 창신1동,1101067,1111067000,127.0142019,37.57329614
11,서울특별시 종로구 창신2동,1101068,1111068000,127.0105269,37.57597253
12,서울특별시 종로구 창신3동,1101069,1111069000,127.0129789,37.57880395
13,서울특별시 종로구 숭인1동,1101070,1111070000,127.0170593,37.57755725
14,서울특별시 종로구 숭인2동,1101071,1111071000,127.0195471,37.57454047
15,서울특별시 종로구 청운효자동,1101072,1111051500,126.9690288,37.58476763
16,서울특별시 종로구 혜화동,1101073,1111065000,126.9978317,37.58676947
17,서울특별시 중구 소공동,1102052,1114052000,126.9747099,37.56445915
18,서울특별시 중구 회현동,1102054,1114054000,126.976958,37.55725469
19,서울특별시 중구 명동,1102055,1114055000,126.9830721,37.56164823
20,서울특별시 중구 필동,1102057,1114057000,126.9943086,37.55669631
21,서울특별시 중구 장충동,1102058,1114058000,127.001109,37.55540515
22,서울특별시 중구 광희동,1102059,1114059000,127.0026399,37.56560562
23,서울특별시 중구 을지로동,1102060,1114060500,126.9975957,37.56625702
24,서울특별시 중구 신당5동,1102065,1114065000,127.0213738,37.56323803
25,서울특별시 중구 황학동,1102067,1114067000,127.0205643,37.56845436
26,서울특별시 중구 중림동,1102068,1114068000,126.9664414,37.55675881
27,서울특별시 중구 신당동,1102069,1114061500,127.0137193,37.56543647
28,서울특별시 중구 다산동,1102070,1114062500,127.0087089,37.55487479
29,서울특별시 중구 약수동,1102071,1114063500,127.0105744,37.54967063
30,서울특별시 중구 청구동,1102072,1114064500,127.0152598,37.55704597
31,서울특별시 중구 동화동,1102073,1114066500,127.0186332,37.56081094
32,서울특별시 용산구 후암동,1103051,1117051000,126.9810528,37.55028086
33,서울특별시 용산구 용산2가동,1103052,1117052000,126.9833369,37.54045578
34,서울특별시 용산구 남영동,1103053,1117053000,126.9740654,37.54447929
35,서울특별시 용산구 원효로2동,1103057,1117057000,126.9525784,37.53259035
36,서울특별시 용산구 효창동,1103058,1117058000,126.9606958,37.54369735
37,서울특별시 용산구 용문동,1103059,1117059000,126.9584332,37.53820423
38,서울특별시 용산구 이촌1동,1103063,1117063000,126.9701511,37.517579
39,서울특별시 용산구 이촌2동,1103064,1117064000,126.9540482,37.52346996
40,서울특별시 용산구 이태원1동,1103065,1117065000,126.992878,37.53385338
41,서울특별시 용산구 이태원2동,1103066,1117066000,126.9923217,37.54166534
42,서울특별시 용산구 서빙고동,1103069,1117069000,126.9883176,37.52274099
43,서울특별시 용산구 보광동,1103070,1117070000,127.0013855,37.52529591
44,서울특별시 용산구 청파동,1103071,1117055500,126.9667112,37.54842679
45,서울특별시 용산구 원효로1동,1103072,1117056000,126.9657529,37.5373732
46,서울특별시 용산구 한강로동,1103073,1117062500,126.9669245,37.53105378
47,서울특별시 용산구 한남동,1103074,1117068500,127.0080241,37.53748231
48,서울특별시 성동구 왕십리2동,1104052,1120052000,127.0281839,37.56142901
49,서울특별시 성동구 마장동,1104054,1120054000,127.040271,37.56747898
50,서울특별시 성동구 사근동,1104055,1120055000,127.0452502,37.5590118
51,서울특별시 성동구 행당1동,1104056,1120056000,127.0350851,37.55994706
52,서울특별시 성동구 행당2동,1104057,1120057000,127.0292952,37.55667765
53,서울특별시 성동구 응봉동,1104058,1120058000,127.0347204,37.55056469
54,서울특별시 성동구 금호1가동,1104059,1120059000,127.0244406,37.55310854
55,서울특별시 성동구 금호4가동,1104062,1120062000,127.0227737,37.54353352
56,서울특별시 성동구 성수1가1동,1104065,1120065000,127.0400831,37.54002987
57,서울특별시 성동구 성수1가2동,1104066,1120066000,127.0418188,37.54859581
58,서울특별시 성동구 성수2가1동,1104067,1120067000,127.0559424,37.53628739
59,서울특별시 성동구 성수2가3동,1104068,1120069000,127.0585419,37.54551197
60,서울특별시 성동구 송정동,1104069,1120072000,127.0629403,37.55377149
61,서울특별시 성동구 용답동,1104070,1120079000,127.0579393,37.56133761
62,서울특별시 성동구 왕십리도선동,1104071,1120053500,127.029932,37.56651019
63,서울특별시 성동구 금호2·3가동,1104072,1120061500,127.0196453,37.55271081
64,서울특별시 성동구 옥수동,1104073,1120064500,127.0170184,37.54253179
65,서울특별시 광진구 화양동,1105053,1121571000,127.0734389,37.54351135
66,서울특별시 광진구 군자동,1105054,1121573000,127.0733493,37.55339003
67,서울특별시 광진구 중곡1동,1105055,1121574000,127.0777301,37.56220007
68,서울특별시 광진구 중곡2동,1105056,1121575000,127.0841517,37.55874932
69,서울특별시 광진구 중곡3동,1105057,1121576000,127.0813833,37.56767484
70,서울특별시 광진구 중곡4동,1105058,1121577000,127.0951274,37.56297943
71,서울특별시 광진구 능동,1105059,1121578000,127.0818426,37.55145267
72,서울특별시 광진구 구의1동,1105060,1121585000,127.085965,37.5409643
73,서울특별시 광진구 구의2동,1105061,1121586000,127.0946555,37.55185877
74,서울특별시 광진구 구의3동,1105062,1121587000,127.0961276,37.53573594
75,서울특별시 광진구 광장동,1105063,1121581000,127.1035378,37.54727056
76,서울특별시 광진구 자양1동,1105064,1121582000,127.0802418,37.53641169
77,서울특별시 광진구 자양2동,1105065,1121583000,127.0824138,37.53073696
78,서울특별시 광진구 자양3동,1105066,1121584000,127.0712179,37.53180426
79,서울특별시 광진구 자양4동,1105067,1121584700,127.0635606,37.53387723
80,서울특별시 동대문구 회기동,1106071,1123071000,127.0521581,37.59445238
81,서울특별시 동대문구 휘경1동,1106072,1123072000,127.0618154,37.59156488
82,서울특별시 동대문구 휘경2동,1106073,1123073000,127.0660725,37.58672874
83,서울특별시 동대문구 청량리동,1106080,1123070500,127.0459443,37.58833707
84,서울특별시 동대문구 용신동,1106081,1123053600,127.0340419,37.57627204
85,서울특별시 동대문구 제기동,1106082,1123054500,127.0368028,37.5846658
86,서울특별시 동대문구 전농1동,1106083,1123056000,127.0501314,37.58031712
87,서울특별시 동대문구 전농2동,1106084,1123057000,127.0609815,37.58083975
88,서울특별시 동대문구 답십리2동,1106086,1123061000,127.0619277,37.56980929
89,서울특별시 동대문구 장안1동,1106087,1123065000,127.0681753,37.56640309
90,서울특별시 동대문구 장안2동,1106088,1123066000,127.0724794,37.57494967
91,서울특별시 동대문구 이문1동,1106089,1123074000,127.0609298,37.59750859
92,서울특별시 동대문구 이문2동,1106090,1123075000,127.066747,37.6035401
93,서울특별시 동대문구 답십리1동,1106091,1123060000,127.0499064,37.57056031
94,서울특별시 중랑구 면목2동,1107052,1126052000,127.0787442,37.58915971
95,서울특별시 중랑구 면목4동,1107054,1126054000,127.0870346,37.57347173
96,서울특별시 중랑구 면목5동,1107055,1126055000,127.0788808,37.58219788
97,서울특별시 중랑구 면목7동,1107057,1126057000,127.0911442,37.57612535
98,서울특별시 중랑구 상봉1동,1107059,1126058000,127.0880417,37.60245017
99,서울특별시 중랑구 상봉2동,1107060,1126059000,127.081777,37.59453772
100,서울특별시 중랑구 중화1동,1107061,1126060000,127.0829134,37.60262734
101,서울특별시 중랑구 중화2동,1107062,1126061000,127.0749794,37.59892385
102,서울특별시 중랑구 묵1동,1107064,1126062000,127.0831716,37.61277007
103,서울특별시 중랑구 묵2동,1107065,1126063000,127.0750693,37.61086732
104,서울특별시 중랑구 망우3동,1107068,1126066000,127.1027994,37.59152812
105,서울특별시 중랑구 신내1동,1107069,1126068000,127.1035648,37.61014822
106,서울특별시 중랑구 신내2동,1107070,1126069000,127.0906875,37.60901245
107,서울특별시 중랑구 면목본동,1107071,1126056500,127.0892054,37.58891916
108,서울특별시 중랑구 면목3·8동,1107072,1126057500,127.0967667,37.58474117
109,서울특별시 중랑구 망우본동,1107073,1126065500,127.105582,37.6025714
110,서울특별시 성북구 돈암1동,1108058,1129058000,127.0245014,37.59906371
111,서울특별시 성북구 돈암2동,1108059,1129059000,127.0126891,37.59679189
112,서울특별시 성북구 안암동,1108060,1129060000,127.0276365,37.58666324
113,서울특별시 성북구 보문동,1108061,1129061000,127.0195682,37.58310067
114,서울특별시 성북구 정릉1동,1108062,1129062000,127.0174755,37.60602422
115,서울특별시 성북구 정릉2동,1108063,1129063000,127.0074553,37.60414502
116,서울특별시 성북구 정릉3동,1108064,1129064000,126.9942919,37.61478331
117,서울특별시 성북구 정릉4동,1108065,1129065000,126.9951639,37.62233042
118,서울특별시 성북구 길음1동,1108066,1129066000,127.0201997,37.60826361
119,서울특별시 성북구 길음2동,1108068,1129068500,127.0272052,37.60787131
120,서울특별시 성북구 월곡1동,1108071,1129071500,127.0370049,37.60760266
121,서울특별시 성북구 월곡2동,1108072,1129072500,127.0446477,37.6036137
122,서울특별시 성북구 장위1동,1108076,1129076000,127.0437444,37.61559384
123,서울특별시 성북구 장위2동,1108077,1129077000,127.0530249,37.61265126
124,서울특별시 성북구 장위3동,1108078,1129078000,127.0538108,37.61838107
125,서울특별시 성북구 성북동,1108081,1129052500,126.997414,37.59533861
126,서울특별시 성북구 삼선동,1108082,1129055500,127.011564,37.58631579
127,서울특별시 성북구 동선동,1108083,1129057500,127.018269,37.59361985
128,서울특별시 성북구 종암동,1108084,1129070500,127.0328989,37.5975574
129,서울특별시 성북구 석관동,1108085,1129081000,127.0611427,37.60816063
130,서울특별시 강북구 번1동,1109060,1130559500,127.0308671,37.63838502
131,서울특별시 강북구 번2동,1109061,1130560300,127.0347293,37.62768313
132,서울특별시 강북구 번3동,1109062,1130560800,127.0433604,37.62346716
133,서울특별시 강북구 수유1동,1109063,1130561500,127.0083134,37.62954444
134,서울특별시 강북구 수유2동,1109064,1130562500,127.0195241,37.64496157
135,서울특별시 강북구 수유3동,1109065,1130563500,127.0238739,37.64107242
136,서울특별시 강북구 삼양동,1109069,1130553400,127.0135449,37.62445
137,서울특별시 강북구 미아동,1109070,1130553500,127.0268246,37.62895819
138,서울특별시 강북구 송중동,1109071,1130554500,127.0330066,37.61741525
139,서울특별시 강북구 송천동,1109072,1130555500,127.0241935,37.61822493
140,서울특별시 강북구 삼각산동,1109073,1130557500,127.0153865,37.61625875
141,서울특별시 강북구 우이동,1109074,1130564500,126.9989821,37.66196962
142,서울특별시 강북구 인수동,1109075,1130566000,127.0041041,37.63852964
143,서울특별시 도봉구 쌍문1동,1110051,1132066000,127.02061,37.65409629
144,서울특별시 도봉구 쌍문2동,1110052,1132067000,127.0375843,37.65644733
145,서울특별시 도봉구 쌍문3동,1110053,1132068000,127.0307416,37.64711478
146,서울특별시 도봉구 쌍문4동,1110054,1132068100,127.0299237,37.65539717
147,서울특별시 도봉구 방학1동,1110055,1132069000,127.0431166,37.66514414
148,서울특별시 도봉구 방학2동,1110056,1132070000,127.0313033,37.66855103
149,서울특별시 도봉구 방학3동,1110057,1132071000,127.0251587,37.66260823
150,서울특별시 도봉구 창1동,1110059,1132051100,127.0423575,37.64542489
151,서울특별시 도봉구 창2동,1110060,1132051200,127.0372426,37.64169585
152,서울특별시 도봉구 창3동,1110061,1132051300,127.0413973,37.63759863
153,서울특별시 도봉구 창4동,1110062,1132051400,127.0502384,37.65133595
154,서울특별시 도봉구 창5동,1110063,1132051500,127.0423144,37.65657628
155,서울특별시 도봉구 도봉1동,1110064,1132052100,127.0270538,37.68525372
156,서울특별시 도봉구 도봉2동,1110065,1132052200,127.0478343,37.68150358
157,서울특별시 노원구 월계1동,1111051,1135056000,127.0589991,37.622211
158,서울특별시 노원구 월계2동,1111052,1135057000,127.0505344,37.63481341
159,서울특별시 노원구 월계3동,1111053,1135058000,127.0649033,37.62582032
160,서울특별시 노원구 공릉2동,1111056,1135060000,127.0918437,37.63140449
161,서울특별시 노원구 하계1동,1111058,1135061100,127.0749452,37.63852342
162,서울특별시 노원구 하계2동,1111059,1135061200,127.0645879,37.6351569
163,서울특별시 노원구 중계본동,1111060,1135061900,127.0855576,37.64799255
164,서울특별시 노원구 중계1동,1111061,1135062100,127.0733872,37.64981278
165,서울특별시 노원구 중계4동,1111064,1135062400,127.0827843,37.65857718
166,서울특별시 노원구 상계1동,1111065,1135063000,127.0670363,37.68345207
167,서울특별시 노원구 상계2동,1111066,1135064000,127.0662806,37.65601903
168,서울특별시 노원구 상계5동,1111069,1135067000,127.0700662,37.66320768
169,서울특별시 노원구 상계8동,1111072,1135070000,127.0537623,37.6661937
170,서울특별시 노원구 상계9동,1111073,1135071000,127.0631776,37.66759392
171,서울특별시 노원구 상계10동,1111074,1135072000,127.0585779,37.65983705
172,서울특별시 노원구 상계3·4동,1111076,1135066500,127.0812987,37.67616839
173,서울특별시 노원구 상계6·7동,1111077,1135069500,127.0613907,37.64669249
174,서울특별시 노원구 중계2·3동,1111078,1135062500,127.0659914,37.64383102
175,서울특별시 노원구 공릉1동,1111079,1135059500,127.0730147,37.62351553
176,서울특별시 은평구 녹번동,1112051,1138051000,126.9355041,37.60421854
177,서울특별시 은평구 불광1동,1112052,1138052000,126.9372547,37.61812033
178,서울특별시 은평구 갈현1동,1112055,1138055100,126.9146342,37.62479014
179,서울특별시 은평구 갈현2동,1112056,1138055200,126.9126599,37.61834628
180,서울특별시 은평구 구산동,1112057,1138056000,126.909159,37.61209367
181,서울특별시 은평구 대조동,1112058,1138057000,126.9243238,37.61259546
182,서울특별시 은평구 응암1동,1112059,1138058000,126.9271472,37.59715724
183,서울특별시 은평구 응암2동,1112060,1138059000,126.9228346,37.59126021
184,서울특별시 은평구 신사1동,1112065,1138063100,126.9081446,37.5980586
185,서울특별시 은평구 신사2동,1112066,1138063200,126.9067349,37.59329372
186,서울특별시 은평구 증산동,1112067,1138064000,126.90589,37.58266264
187,서울특별시 은평구 수색동,1112068,1138065000,126.8932603,37.58604865
188,서울특별시 은평구 진관동,1112071,1138069000,126.9385284,37.64207735
189,서울특별시 은평구 불광2동,1112072,1138053000,126.9302409,37.62421145
190,서울특별시 은평구 응암3동,1112073,1138060000,126.9180863,37.58999533
191,서울특별시 은평구 역촌동,1112074,1138062500,126.9123005,37.60525546
192,서울특별시 서대문구 천연동,1113052,1141052000,126.9582965,37.57201549
193,서울특별시 서대문구 홍제1동,1113062,1141062000,126.9446411,37.57992841
194,서울특별시 서대문구 홍제3동,1113064,1141064000,126.9498852,37.59197718
195,서울특별시 서대문구 홍제2동,1113065,1141065500,126.952828,37.58408568
196,서울특별시 서대문구 홍은1동,1113066,1141066000,126.9478726,37.59962587
197,서울특별시 서대문구 홍은2동,1113068,1141068500,126.9321354,37.58684281
198,서울특별시 서대문구 남가좌1동,1113069,1141069000,126.9165894,37.57152447
199,서울특별시 서대문구 남가좌2동,1113070,1141070000,126.9209181,37.57845327
200,서울특별시 서대문구 북가좌1동,1113071,1141071000,126.9083698,37.57519893
201,서울특별시 서대문구 북가좌2동,1113072,1141072000,126.913913,37.58113789
202,서울특별시 서대문구 충현동,1113073,1141056500,126.9594039,37.56430268
203,서울특별시 서대문구 북아현동,1113074,1141055500,126.9554574,37.55931491
204,서울특별시 서대문구 신촌동,1113075,1141058500,126.9382477,37.56595788
205,서울특별시 서대문구 연희동,1113076,1141061500,126.9318029,37.57241495
206,서울특별시 마포구 용강동,1114059,1144059000,126.9423517,37.54045974
207,서울특별시 마포구 대흥동,1114060,1144060000,126.9402651,37.55105256
208,서울특별시 마포구 염리동,1114061,1144061000,126.9471842,37.55014088
209,서울특별시 마포구 신수동,1114063,1144063000,126.9330984,37.54472273
210,서울특별시 마포구 서교동,1114066,1144066000,126.9228321,37.55503231
211,서울특별시 마포구 합정동,1114068,1144068000,126.9085259,37.54718775
212,서울특별시 마포구 망원1동,1114069,1144069000,126.9007063,37.55218256
213,서울특별시 마포구 망원2동,1114070,1144070000,126.8956776,37.55673734
214,서울특별시 마포구 연남동,1114071,1144071000,126.9224548,37.56249186
215,서울특별시 마포구 성산1동,1114072,1144072000,126.9108674,37.56217876
216,서울특별시 마포구 성산2동,1114073,1144073000,126.9044526,37.56767639
217,서울특별시 마포구 상암동,1114074,1144074000,126.8802706,37.57270092
218,서울특별시 마포구 도화동,1114075,1144058500,126.9467442,37.53640803
219,서울특별시 마포구 서강동,1114076,1144065500,126.9242948,37.54626793
220,서울특별시 마포구 공덕동,1114077,1144056500,126.9568408,37.54971937
221,서울특별시 마포구 아현동,1114078,1144055500,126.9532388,37.55045074
222,서울특별시 양천구 목1동,1115051,1147051000,126.8762465,37.52704494
223,서울특별시 양천구 목2동,1115052,1147052000,126.8756598,37.54272155
224,서울특별시 양천구 목3동,1115053,1147053000,126.8664307,37.54533645
225,서울특별시 양천구 목4동,1115054,1147054000,126.868082,37.53479553
226,서울특별시 양천구 신월1동,1115057,1147056000,126.8344975,37.53123202
227,서울특별시 양천구 신월2동,1115058,1147057000,126.8460827,37.52244124
228,서울특별시 양천구 신월3동,1115059,1147058000,126.8283344,37.53253311
229,서울특별시 양천구 신월4동,1115060,1147059000,126.8396661,37.52181194
230,서울특별시 양천구 신월5동,1115061,1147060000,126.8299742,37.54122
231,서울특별시 양천구 신월6동,1115062,1147061000,126.8417476,37.51655504
232,서울특별시 양천구 신월7동,1115063,1147061100,126.8323254,37.52039697
233,서울특별시 양천구 신정1동,1115064,1147062000,126.8598953,37.5181243
234,서울특별시 양천구 신정2동,1115065,1147063000,126.874912,37.5187059
235,서울특별시 양천구 신정3동,1115066,1147064000,126.840648,37.5113381
236,서울특별시 양천구 신정6동,1115069,1147067000,126.8704118,37.51624327
237,서울특별시 양천구 신정7동,1115070,1147068000,126.8647083,37.510922
238,서울특별시 양천구 목5동,1115071,1147055000,126.8794105,37.53711739
239,서울특별시 양천구 신정4동,1115072,1147065000,126.8571462,37.52545829
240,서울특별시 강서구 염창동,1116051,1150051000,126.8763951,37.55373794
241,서울특별시 강서구 등촌1동,1116052,1150052000,126.8598137,37.55599745
242,서울특별시 강서구 등촌2동,1116053,1150053000,126.8594037,37.54479364
243,서울특별시 강서구 등촌3동,1116054,1150053500,126.8466963,37.56152231
244,서울특별시 강서구 화곡본동,1116055,1150059000,126.8481909,37.54278167
245,서울특별시 강서구 화곡2동,1116057,1150055000,126.8547901,37.53253845
246,서울특별시 강서구 화곡3동,1116058,1150056000,126.8350908,37.54392312
247,서울특별시 강서구 화곡4동,1116059,1150057000,126.8581115,37.53590047
248,서울특별시 강서구 화곡6동,1116061,1150059100,126.8511056,37.55160324
249,서울특별시 강서구 화곡8동,1116063,1150059300,126.8478953,37.53344661
250,서울특별시 강서구 가양1동,1116064,1150060300,126.8354385,37.57345977
251,서울특별시 강서구 가양2동,1116065,1150060400,126.8542332,37.56834308
252,서울특별시 강서구 가양3동,1116066,1150060500,126.8622174,37.56279437
253,서울특별시 강서구 발산1동,1116067,1150061100,126.8259021,37.55028794
254,서울특별시 강서구 공항동,1116069,1150062000,126.7957497,37.5565654
255,서울특별시 강서구 방화1동,1116070,1150063000,126.8152711,37.56856416
256,서울특별시 강서구 방화2동,1116071,1150064000,126.8034086,37.58318382
257,서울특별시 강서구 방화3동,1116072,1150064100,126.8153851,37.5829593
258,서울특별시 강서구 화곡1동,1116073,1150054000,126.8413371,37.5341008
259,서울특별시 강서구 우장산동,1116074,1150061500,126.8416843,37.5500948
260,서울특별시 구로구 신도림동,1117051,1153051000,126.884309,37.51017766
261,서울특별시 구로구 구로1동,1117052,1153052000,126.8743436,37.49273302
262,서울특별시 구로구 구로3동,1117054,1153054000,126.8947186,37.48529265
263,서울특별시 구로구 구로4동,1117055,1153055000,126.8897344,37.49134956
264,서울특별시 구로구 구로5동,1117056,1153056000,126.886838,37.50172474
265,서울특별시 구로구 고척1동,1117061,1153072000,126.8634061,37.50000324
266,서울특별시 구로구 고척2동,1117062,1153073000,126.8540239,37.50502783
267,서울특별시 구로구 개봉2동,1117064,1153075000,126.8582239,37.49285142
268,서울특별시 구로구 개봉3동,1117065,1153076000,126.8538737,37.48625549
269,서울특별시 구로구 오류1동,1117067,1153077000,126.8424427,37.49690649
270,서울특별시 구로구 오류2동,1117068,1153078000,126.8346273,37.48450846
271,서울특별시 구로구 수궁동,1117069,1153079000,126.8253738,37.4985835
272,서울특별시 구로구 가리봉동,1117070,1153059500,126.8881605,37.48289986
273,서울특별시 구로구 구로2동,1117071,1153053000,126.8792196,37.49675336
274,서울특별시 구로구 개봉1동,1117072,1153074000,126.8512766,37.50091654
275,서울특별시 금천구 가산동,1118051,1154551000,126.8852171,37.47548548
276,서울특별시 금천구 독산1동,1118052,1154561000,126.8921135,37.46543629
277,서울특별시 금천구 독산2동,1118053,1154562000,126.9048798,37.46269319
278,서울특별시 금천구 독산3동,1118054,1154563000,126.904974,37.47611891
279,서울특별시 금천구 독산4동,1118055,1154564000,126.9050155,37.46931796
280,서울특별시 금천구 시흥1동,1118057,1154567000,126.8996177,37.45331589
281,서울특별시 금천구 시흥2동,1118058,1154568000,126.9204798,37.45068661
282,서울특별시 금천구 시흥3동,1118059,1154569000,126.9067226,37.44051421
283,서울특별시 금천구 시흥4동,1118060,1154570000,126.9092581,37.45948172
284,서울특별시 금천구 시흥5동,1118061,1154571000,126.9120069,37.44899285
285,서울특별시 영등포구 여의동,1119054,1156054000,126.9290577,37.52866099
286,서울특별시 영등포구 당산1동,1119055,1156055000,126.8971082,37.5241255
287,서울특별시 영등포구 당산2동,1119056,1156056000,126.903673,37.533466
288,서울특별시 영등포구 양평1동,1119061,1156061000,126.8869754,37.52565427
289,서울특별시 영등포구 양평2동,1119062,1156062000,126.8946607,37.53969259
290,서울특별시 영등포구 신길1동,1119063,1156063000,126.9198731,37.51254766
291,서울특별시 영등포구 신길3동,1119065,1156065000,126.9046316,37.50686578
292,서울특별시 영등포구 신길4동,1119066,1156066000,126.9131418,37.50750147
293,서울특별시 영등포구 신길5동,1119067,1156067000,126.9053842,37.50095438
294,서울특별시 영등포구 신길6동,1119068,1156068000,126.9144965,37.49844691
295,서울특별시 영등포구 신길7동,1119069,1156069000,126.9194735,37.50752913
296,서울특별시 영등포구 대림1동,1119070,1156070000,126.9046892,37.49318695
297,서울특별시 영등포구 대림2동,1119071,1156071000,126.9008504,37.48990836
298,서울특별시 영등포구 대림3동,1119072,1156072000,126.898527,37.5001278
299,서울특별시 영등포구 영등포본동,1119073,1156051500,126.9083176,37.51373013
300,서울특별시 영등포구 영등포동,1119074,1156053500,126.9092331,37.52364027
301,서울특별시 영등포구 도림동,1119075,1156058500,126.9016323,37.50893467
302,서울특별시 영등포구 문래동,1119076,1156060500,126.8917383,37.51562688
303,서울특별시 동작구 노량진2동,1120052,1159052000,126.9385382,37.51109348
304,서울특별시 동작구 상도1동,1120053,1159053000,126.9547149,37.49948291
305,서울특별시 동작구 상도2동,1120054,1159054000,126.9414565,37.5035252
306,서울특별시 동작구 상도3동,1120055,1159055000,126.9349806,37.49748269
307,서울특별시 동작구 상도4동,1120056,1159056000,126.9401139,37.49767534
308,서울특별시 동작구 사당1동,1120063,1159062000,126.9761285,37.48011133
309,서울특별시 동작구 사당3동,1120065,1159064000,126.9707035,37.48892105
310,서울특별시 동작구 사당4동,1120066,1159065000,126.9705033,37.48070444
311,서울특별시 동작구 사당5동,1120067,1159065100,126.9660712,37.48685962
312,서울특별시 동작구 대방동,1120068,1159066000,126.9277434,37.50697994
313,서울특별시 동작구 신대방1동,1120069,1159067000,126.9095977,37.49077494
314,서울특별시 동작구 신대방2동,1120070,1159068000,126.9222022,37.49399734
315,서울특별시 동작구 흑석동,1120071,1159060500,126.9647334,37.50539449
316,서울특별시 동작구 노량진1동,1120072,1159051000,126.9504421,37.5130018
317,서울특별시 동작구 사당2동,1120073,1159063000,126.9745059,37.4983436
318,서울특별시 관악구 보라매동,1121052,1162052500,126.9322216,37.49059865
319,서울특별시 관악구 청림동,1121054,1162054500,126.9591273,37.48956319
320,서울특별시 관악구 행운동,1121057,1162057500,126.9616279,37.48083494
321,서울특별시 관악구 낙성대동,1121058,1162058500,126.9612801,37.4681931
322,서울특별시 관악구 중앙동,1121061,1162061500,126.9513207,37.48411239
323,서울특별시 관악구 인헌동,1121062,1162062500,126.9664774,37.47218937
324,서울특별시 관악구 남현동,1121063,1162063000,126.9765767,37.46170529
325,서울특별시 관악구 서원동,1121064,1162064500,126.9330698,37.48008994
326,서울특별시 관악구 신원동,1121065,1162065500,126.9266924,37.479147
327,서울특별시 관악구 서림동,1121066,1162066500,126.9381013,37.473787
328,서울특별시 관악구 신사동,1121068,1162068500,126.9197521,37.48568796
329,서울특별시 관악구 신림동,1121069,1162069500,126.9269003,37.48687278
330,서울특별시 관악구 난향동,1121071,1162071500,126.9184728,37.46186845
331,서울특별시 관악구 조원동,1121072,1162072500,126.9070036,37.48328687
332,서울특별시 관악구 대학동,1121073,1162073500,126.950365,37.4543518
333,서울특별시 관악구 은천동,1121078,1162060500,126.940577,37.48711233
334,서울특별시 관악구 성현동,1121079,1162056500,126.9507236,37.48978716
335,서울특별시 관악구 청룡동,1121080,1162059500,126.9443759,37.47760287
336,서울특별시 관악구 난곡동,1121081,1162077500,126.9204915,37.47031299
337,서울특별시 관악구 삼성동,1121082,1162074500,126.930513,37.46143457
338,서울특별시 관악구 미성동,1121083,1162076500,126.9162024,37.47420196
339,서울특별시 서초구 서초1동,1122051,1165051000,127.0204591,37.48643873
340,서울특별시 서초구 서초2동,1122052,1165052000,127.0278207,37.48908242
341,서울특별시 서초구 서초3동,1122053,1165053000,127.0100499,37.48565377
342,서울특별시 서초구 서초4동,1122054,1165053100,127.0200087,37.49926665
343,서울특별시 서초구 잠원동,1122055,1165054000,127.0128677,37.5180745
344,서울특별시 서초구 반포본동,1122056,1165055000,126.9873388,37.50635264
345,서울특별시 서초구 반포1동,1122057,1165056000,127.0168022,37.50519987
346,서울특별시 서초구 반포2동,1122058,1165057000,126.9954301,37.50694889
347,서울특별시 서초구 반포3동,1122059,1165058000,127.0038015,37.51276584
348,서울특별시 서초구 반포4동,1122060,1165058100,127.0015787,37.49986539
349,서울특별시 서초구 방배본동,1122061,1165059000,126.989056,37.49508037
350,서울특별시 서초구 방배1동,1122062,1165060000,126.9958906,37.48505125
351,서울특별시 서초구 방배2동,1122063,1165061000,126.9894146,37.4722888
352,서울특별시 서초구 방배3동,1122064,1165062000,126.997993,37.47450645
353,서울특별시 서초구 방배4동,1122065,1165062100,126.9914402,37.4897031
354,서울특별시 서초구 양재1동,1122066,1165065100,127.0236821,37.47046983
355,서울특별시 서초구 양재2동,1122067,1165065200,127.0464646,37.45456239
356,서울특별시 서초구 내곡동,1122068,1165066000,127.0696752,37.45222819
357,서울특별시 강남구 신사동,1123051,1168051000,127.0202449,37.5257591
358,서울특별시 강남구 논현1동,1123052,1168052100,127.0266642,37.51207794
359,서울특별시 강남구 논현2동,1123053,1168053100,127.035922,37.51518804
360,서울특별시 강남구 삼성1동,1123058,1168058000,127.0593678,37.51622927
361,서울특별시 강남구 삼성2동,1123059,1168059000,127.0484812,37.51141334
362,서울특별시 강남구 대치1동,1123060,1168060000,127.0590201,37.49327736
363,서울특별시 강남구 대치4동,1123063,1168063000,127.0549517,37.50195446
364,서울특별시 강남구 역삼1동,1123064,1168064000,127.0366999,37.49990167
365,서울특별시 강남구 역삼2동,1123065,1168065000,127.0448865,37.49840553
366,서울특별시 강남구 도곡1동,1123066,1168065500,127.0407231,37.48955118
367,서울특별시 강남구 도곡2동,1123067,1168065600,127.0489525,37.48799149
368,서울특별시 강남구 개포1동,1123068,1168066000,127.064444,37.48025174
369,서울특별시 강남구 개포4동,1123071,1168069000,127.053237,37.47661989
370,서울특별시 강남구 일원본동,1123072,1168072000,127.0839349,37.48308142
371,서울특별시 강남구 일원1동,1123073,1168073000,127.0907909,37.49307283
372,서울특별시 강남구 일원2동,1123074,1168074000,127.081153,37.49416211
373,서울특별시 강남구 수서동,1123075,1168075000,127.1015113,37.48544941
374,서울특별시 강남구 세곡동,1123076,1168070000,127.1034576,37.47176696
375,서울특별시 강남구 압구정동,1123077,1168054500,127.0337633,37.52922415
376,서울특별시 강남구 청담동,1123078,1168056500,127.0521936,37.52492796
377,서울특별시 강남구 대치2동,1123079,1168061000,127.0660914,37.50017696
378,서울특별시 강남구 개포2동,1123080,1168067000,127.0672809,37.48604624
379,서울특별시 송파구 풍납1동,1124051,1171051000,127.1136848,37.53828877
380,서울특별시 송파구 풍납2동,1124052,1171052000,127.110109,37.52997373
381,서울특별시 송파구 거여1동,1124053,1171053100,127.1412066,37.49427506
382,서울특별시 송파구 거여2동,1124054,1171053200,127.1476077,37.49253888
383,서울특별시 송파구 마천1동,1124055,1171054000,127.1545336,37.49427653
384,서울특별시 송파구 마천2동,1124056,1171055000,127.1516757,37.50039666
385,서울특별시 송파구 방이1동,1124057,1171056100,127.1223242,37.50997971
386,서울특별시 송파구 방이2동,1124058,1171056200,127.1138385,37.51274019
387,서울특별시 송파구 오륜동,1124059,1171056600,127.1289801,37.51821778
388,서울특별시 송파구 오금동,1124060,1171057000,127.1341382,37.50355789
389,서울특별시 송파구 송파1동,1124061,1171058000,127.1103429,37.50698323
390,서울특별시 송파구 송파2동,1124062,1171059000,127.1162894,37.50298369
391,서울특별시 송파구 석촌동,1124063,1171060000,127.1040929,37.50284592
392,서울특별시 송파구 삼전동,1124064,1171061000,127.0904866,37.5016815
393,서울특별시 송파구 가락본동,1124065,1171062000,127.1213818,37.49718719
394,서울특별시 송파구 가락1동,1124066,1171063100,127.1075877,37.49515335
395,서울특별시 송파구 가락2동,1124067,1171063200,127.1313119,37.49626496
396,서울특별시 송파구 문정1동,1124068,1171064100,127.1273174,37.48779383
397,서울특별시 송파구 문정2동,1124069,1171064200,127.1175847,37.47886495
398,서울특별시 송파구 잠실본동,1124071,1171065000,127.081952,37.50556738
399,서울특별시 송파구 잠실4동,1124075,1171069000,127.1072611,37.52173319
400,서울특별시 송파구 잠실6동,1124077,1171071000,127.0992642,37.518154
401,서울특별시 송파구 잠실7동,1124078,1171072000,127.0741389,37.50700046
402,서울특별시 송파구 잠실2동,1124079,1171067000,127.0795235,37.51774682
403,서울특별시 송파구 잠실3동,1124080,1171068000,127.0947999,37.51622768
404,서울특별시 송파구 장지동,1124081,1171064600,127.1316161,37.48390388
405,서울특별시 송파구 위례동,1124082,1171064700,127.1421341,37.48029777
406,서울특별시 강동구 강일동,1125051,1174051500,127.1725611,37.56302474
407,서울특별시 강동구 상일동,1125052,1174052000,127.1650334,37.55109443
408,서울특별시 강동구 명일1동,1125053,1174053000,127.1452639,37.54956609
409,서울특별시 강동구 명일2동,1125054,1174054000,127.1558808,37.54848659
410,서울특별시 강동구 고덕1동,1125055,1174055000,127.1491292,37.56421321
411,서울특별시 강동구 고덕2동,1125056,1174056000,127.1622405,37.56658977
412,서울특별시 강동구 암사2동,1125058,1174058000,127.1231346,37.55816889
413,서울특별시 강동구 암사3동,1125059,1174059000,127.1382244,37.56251728
414,서울특별시 강동구 천호1동,1125061,1174060000,127.1375482,37.54657333
415,서울특별시 강동구 천호3동,1125063,1174062000,127.1340552,37.53930111
416,서울특별시 강동구 성내1동,1125065,1174064000,127.125492,37.52844925
417,서울특별시 강동구 성내2동,1125066,1174065000,127.1278242,37.5343352
418,서울특별시 강동구 성내3동,1125067,1174066000,127.1336571,37.52840576
419,서울특별시 강동구 둔촌1동,1125070,1174069000,127.1400354,37.52287959
420,서울특별시 강동구 둔촌2동,1125071,1174070000,127.1485175,37.53179389
421,서울특별시 강동구 암사1동,1125072,1174057000,127.1360686,37.55094551
422,서울특별시 강동구 천호2동,1125073,1174061000,127.1220711,37.54386468
423,서울특별시 강동구 길동,1125074,1174068500,127.1473467,37.5398653
